autor_a,nombre_a,autor_b,nombre_b,peso
814,Ramos Francia Manuel,621,Chiquiar Daniel,8
814,Ramos Francia Manuel,891,Torres García Alberto,3
814,Ramos Francia Manuel,603,Capistrán Carlos,6
814,Ramos Francia Manuel,775,Noriega Antonio E.,5
814,Ramos Francia Manuel,659,Fragoso Edna,1
814,Ramos Francia Manuel,562,Nicolás Amoroso,1
814,Ramos Francia Manuel,810,Quella Núria,1
814,Ramos Francia Manuel,557,Carlo Alcaraz,1
814,Ramos Francia Manuel,631,Cortés Espada Josué Fernando,3
814,Ramos Francia Manuel,626,Constandse Christian,1
814,Ramos Francia Manuel,869,Sidaoui José Julián,1
814,Ramos Francia Manuel,703,Raúl Ibarra,1
814,Ramos Francia Manuel,635,Cuadra Gabriel,4
814,Ramos Francia Manuel,669,García-Verdú Santiago,8
814,Ramos Francia Manuel,552,Aguilar-Argaez Ana María,1
814,Ramos Francia Manuel,833,Rodríguez-Pérez Cid Alonso,2
814,Ramos Francia Manuel,853,Sánchez-Martínez Manuel,2
621,Chiquiar Daniel,775,Noriega Antonio E.,1
621,Chiquiar Daniel,659,Fragoso Edna,1
621,Chiquiar Daniel,562,Nicolás Amoroso,1
621,Chiquiar Daniel,810,Quella Núria,1
621,Chiquiar Daniel,557,Carlo Alcaraz,4
621,Chiquiar Daniel,603,Capistrán Carlos,2
621,Chiquiar Daniel,869,Sidaoui José Julián,1
621,Chiquiar Daniel,845,Alejandrina Salcedo,6
621,Chiquiar Daniel,780,María José Orraca,1
621,Chiquiar Daniel,888,Tobal Martín,3
621,Chiquiar Daniel,917,Yslas Renato,1
621,Chiquiar Daniel,633,Covarrubias Enrique,1
621,Chiquiar Daniel,614,Cebreros Alfonso,2
621,Chiquiar Daniel,828,Roa Mónica,1
621,Chiquiar Daniel,561,Jorge Alvarado,1
621,Chiquiar Daniel,811,Miroslava Quiroga-Trevino,1
621,Chiquiar Daniel,889,Leonardo Torre,1
621,Chiquiar Daniel,697,Hernández Juan R.,1
621,Chiquiar Daniel,703,Raúl Ibarra,1
621,Chiquiar Daniel,695,Heffner-Rodríguez Aldo,1
603,Capistrán Carlos,887,Timmermann Allan,3
603,Capistrán Carlos,732,López Moctezuma Gabriel,2
603,Capistrán Carlos,583,Benavides Guillermo,2
603,Capistrán Carlos,626,Constandse Christian,1
603,Capistrán Carlos,869,Sidaoui José Julián,1
603,Capistrán Carlos,555,Aiolfi Marco,1
603,Capistrán Carlos,703,Raúl Ibarra,1
603,Capistrán Carlos,635,Cuadra Gabriel,1
603,Capistrán Carlos,697,Hernández Juan R.,1
691,Guerrero Víctor M.,906,Vera y Ferrer Gabriel,4
691,Guerrero Víctor M.,835,Rojas Francisco Javier,1
691,Guerrero Víctor M.,570,Arias S. Luis Gerardo,1
914,Werner Wainfeld Alejandro,758,Milo Caraza Alexis,1
914,Werner Wainfeld Alejandro,672,Gelos Gaston,1
914,Werner Wainfeld Alejandro,852,Sánchez García Oscar,2
914,Werner Wainfeld Alejandro,865,Seade Durán Juan Jesús,1
914,Werner Wainfeld Alejandro,610,Carstens Carstens Agustín,1
914,Werner Wainfeld Alejandro,582,Bazdresch Santiago,3
914,Werner Wainfeld Alejandro,751,Martínez Trigueros Lorenza,2
914,Werner Wainfeld Alejandro,568,Aportela Rodríguez Fernando,1
914,Werner Wainfeld Alejandro,636,Cuevas Alfredo,1
914,Werner Wainfeld Alejandro,757,Messmacher Linartas Miguel,1
845,Alejandrina Salcedo,862,Schoellman Todd,1
845,Alejandrina Salcedo,885,Tertilt Michèle,1
845,Alejandrina Salcedo,557,Carlo Alcaraz,3
845,Alejandrina Salcedo,780,María José Orraca,1
845,Alejandrina Salcedo,633,Covarrubias Enrique,1
845,Alejandrina Salcedo,614,Cebreros Alfonso,1
845,Alejandrina Salcedo,695,Heffner-Rodríguez Aldo,1
845,Alejandrina Salcedo,627,Benjamín Contreras-Astiazarán,1
845,Alejandrina Salcedo,723,Leal Vizcaíno René,1
845,Alejandrina Salcedo,770,Mosqueda Jordán,1
845,Alejandrina Salcedo,657,Flores Segovia Miguel A.,1
845,Alejandrina Salcedo,889,Leonardo Torre,2
845,Alejandrina Salcedo,631,Cortés Espada Josué Fernando,1
845,Alejandrina Salcedo,798,Jorge Pérez Pérez,1
845,Alejandrina Salcedo,946,Calderón Mariana,1
845,Alejandrina Salcedo,941,Lorenzo Aldeco Leo,1
845,Alejandrina Salcedo,561,Jorge Alvarado,1
845,Alejandrina Salcedo,684,Eva González,1
845,Alejandrina Salcedo,1207,Cindy Rangel,1
669,García-Verdú Santiago,552,Aguilar-Argaez Ana María,1
669,García-Verdú Santiago,635,Cuadra Gabriel,2
669,García-Verdú Santiago,924,Zerecero Miguel,1
669,García-Verdú Santiago,853,Sánchez-Martínez Manuel,2
711,Miriam Juárez-Torres,825,Richardson James W.,1
711,Miriam Juárez-Torres,901,Vedenov Dmitry,1
711,Miriam Juárez-Torres,690,Guerrero-Escobar Santiago,2
711,Miriam Juárez-Torres,696,Hernández-del-Valle Gerardo,1
711,Miriam Juárez-Torres,715,Kochen Federico,1
711,Miriam Juárez-Torres,808,Puigvert Jonathan,4
711,Miriam Juárez-Torres,848,Sámano Daniel,1
711,Miriam Juárez-Torres,574,Atal Vidya,1
711,Miriam Juárez-Torres,859,San Vicente Portes Luis,1
711,Miriam Juárez-Torres,922,Zazueta Borboa Francisco,3
711,Miriam Juárez-Torres,954,Arellano Gonzalez Jesus,2
711,Miriam Juárez-Torres,1176,Jesús Arellano-González,2
711,Miriam Juárez-Torres,627,Benjamín Contreras-Astiazarán,1
635,Cuadra Gabriel,860,Horacio Sapriza,3
635,Cuadra Gabriel,552,Aguilar-Argaez Ana María,2
635,Cuadra Gabriel,812,Ramírez Claudia,1
635,Cuadra Gabriel,848,Sámano Daniel,1
635,Cuadra Gabriel,776,Nuguer Victoria,1
635,Cuadra Gabriel,556,Carlos Alba,2
635,Cuadra Gabriel,697,Hernández Juan R.,1
635,Cuadra Gabriel,703,Raúl Ibarra,2
906,Vera y Ferrer Gabriel,648,Díez-Canedo Juan,4
906,Vera y Ferrer Gabriel,560,Altimir Oscar,3
906,Vera y Ferrer Gabriel,572,Arnaud Enrique,3
906,Vera y Ferrer Gabriel,584,Bergsman Joel,3
906,Vera y Ferrer Gabriel,616,Cervantes Jesús,3
906,Vera y Ferrer Gabriel,673,Gibson William,3
906,Vera y Ferrer Gabriel,680,Gómez Octavio,3
906,Vera y Ferrer Gabriel,737,Lusting Nora,3
906,Vera y Ferrer Gabriel,740,Maldonado Víctor,3
906,Vera y Ferrer Gabriel,820,Reyes Heroles Jesús,3
906,Vera y Ferrer Gabriel,827,Rizzo Sócrates,3
906,Vera y Ferrer Gabriel,882,Taylor Lance,3
906,Vera y Ferrer Gabriel,923,Zazueta César,3
906,Vera y Ferrer Gabriel,608,Carriles Rubio Jorge,1
906,Vera y Ferrer Gabriel,821,Reyes R. Francisco,1
906,Vera y Ferrer Gabriel,899,Vargas Aguayo Alberto,1
906,Vera y Ferrer Gabriel,589,Boné José Antonio,1
775,Noriega Antonio E.,905,Ventosa-Santaulària Daniel,4
775,Noriega Antonio E.,876,Soria Luis M.,1
775,Noriega Antonio E.,904,Velázquez Ramón,1
775,Noriega Antonio E.,833,Rodríguez-Pérez Cid Alonso,3
702,Marco A. Hernandez Vega,690,Guerrero-Escobar Santiago,2
702,Marco A. Hernandez Vega,696,Hernández-del-Valle Gerardo,2
702,Marco A. Hernandez Vega,960,De-la-Mora Paula,1
702,Marco A. Hernandez Vega,1234,Eduardo Martínez González,1
703,Raúl Ibarra,698,Hernández Manuel A.,1
703,Raúl Ibarra,895,Trupkin Danilo R.,1
703,Raúl Ibarra,681,Gómez-Zamudio Luis M.,1
703,Raúl Ibarra,883,Téllez León Elizabeth,1
703,Raúl Ibarra,556,Carlos Alba,3
703,Raúl Ibarra,697,Hernández Juan R.,1
703,Raúl Ibarra,609,Julio A. Carrillo,1
798,Jorge Pérez Pérez,878,Suher Michael,1
798,Jorge Pérez Pérez,660,Freyaldenhoven Simon,1
798,Jorge Pérez Pérez,694,Hansen Christian,1
798,Jorge Pérez Pérez,868,Shapiro Jesse M.,1
798,Jorge Pérez Pérez,631,Cortés Espada Josué Fernando,1
798,Jorge Pérez Pérez,946,Calderón Mariana,1
798,Jorge Pérez Pérez,961,Vial Lecaros Felipe,1
798,Jorge Pérez Pérez,962,Zárate Román D.,1
798,Jorge Pérez Pérez,969,José G. Nuño-Ledesma,1
798,Jorge Pérez Pérez,1242,Simon Freyaldenhoven,1
798,Jorge Pérez Pérez,1243,Christian B. Hansen,1
798,Jorge Pérez Pérez,1244,Jesse M. Shapiro,1
798,Jorge Pérez Pérez,1245,Constantino Carreto,1
798,Jorge Pérez Pérez,1161,Diego Mayorga,1
798,Jorge Pérez Pérez,1162,Karla Neri Hernández,1
798,Jorge Pérez Pérez,1152,Darwin Cortés,1
798,Jorge Pérez Pérez,1153,Andrés Gallegos-Vargas,1
798,Jorge Pérez Pérez,1247,David Bernal,1
798,Jorge Pérez Pérez,1248,Gustavo A. García,1
891,Torres García Alberto,864,Schwartz Rosenthal Moisés,1
891,Torres García Alberto,689,Guerra de Luna Alfonso,1
891,Torres García Alberto,903,Vela Treviño Oscar,1
891,Torres García Alberto,578,Baqueiro Cárdenas Armando,1
891,Torres García Alberto,927,Díaz de León Carrillo Alejandro,1
891,Torres García Alberto,631,Cortés Espada Josué Fernando,1
891,Torres García Alberto,836,Roldán-Peña Jessica,1
891,Torres García Alberto,890,Torres-Ferro Mauricio,1
817,Erick Rangel,889,Leonardo Torre,1
817,Erick Rangel,551,Aguayo Téllez Ernesto,1
817,Erick Rangel,748,Martínez José N,1
817,Erick Rangel,729,Irving Llamosas-Rosas,7
817,Erick Rangel,856,Sandoval Bustos Maritza,1
817,Erick Rangel,658,Felipe J. Fonseca,2
817,Erick Rangel,617,Chapa Cantú Joana C.,1
817,Erick Rangel,769,Mosqueda Chávez Marco Tulio,1
817,Erick Rangel,734,López Ornelas Luis Fernando,1
817,Erick Rangel,1227,Rita Karolina Cantú Zendejas,1
817,Erick Rangel,1231,Sara Hutchinson Tovar,1
817,Erick Rangel,1252,Marco A. Esteban Aguirre,1
651,Rocío Elizondo,788,Padilla Pablo,2
651,Rocío Elizondo,587,Bladt Mogens,1
651,Rocío Elizondo,609,Julio A. Carrillo,3
651,Rocío Elizondo,552,Aguilar-Argaez Ana María,2
651,Rocío Elizondo,836,Roldán-Peña Jessica,3
651,Rocío Elizondo,833,Rodríguez-Pérez Cid Alonso,1
651,Rocío Elizondo,647,Diego-Fernández Forseck María,1
704,Ize Alain,595,Calderón Angel,1
704,Ize Alain,605,Cárdenas Javier,1
704,Ize Alain,931,Salas Martín del Campo Javier,1
889,Leonardo Torre,623,Luis Fernando Colunga Ramos,2
889,Leonardo Torre,561,Jorge Alvarado,4
889,Leonardo Torre,811,Miroslava Quiroga-Trevino,2
889,Leonardo Torre,617,Chapa Cantú Joana C.,1
889,Leonardo Torre,684,Eva González,3
889,Leonardo Torre,657,Flores Segovia Miguel A.,2
889,Leonardo Torre,953,Casillas Ramón,1
889,Leonardo Torre,1207,Cindy Rangel,1
631,Cortés Espada Josué Fernando,565,Angeles Galvan Daniel,1
631,Cortés Espada Josué Fernando,848,Sámano Daniel,2
631,Cortés Espada Josué Fernando,693,Gutiérrez Villanueva Rubí,1
631,Cortés Espada Josué Fernando,946,Calderón Mariana,1
781,Ortiz Martínez Guillermo,872,Solís Leopoldo,4
781,Ortiz Martínez Guillermo,630,Córdoba José,1
848,Sámano Daniel,552,Aguilar-Argaez Ana María,1
848,Sámano Daniel,812,Ramírez Claudia,1
848,Sámano Daniel,715,Kochen Federico,2
848,Sámano Daniel,690,Guerrero-Escobar Santiago,1
848,Sámano Daniel,808,Puigvert Jonathan,1
848,Sámano Daniel,731,López-Martín Bernabé,1
848,Sámano Daniel,813,Ramírez de Aguilar Alberto,1
848,Sámano Daniel,565,Angeles Galvan Daniel,1
848,Sámano Daniel,693,Gutiérrez Villanueva Rubí,1
722,Leal-Ordoñez Julio C.,559,Alonso-Ortiz Jorge,1
722,Leal-Ordoñez Julio C.,566,Antón Arturo,1
722,Leal-Ordoñez Julio C.,731,López-Martín Bernabé,1
722,Leal-Ordoñez Julio C.,745,Martínez André,1
722,Leal-Ordoñez Julio C.,741,Mandujano Javier,1
664,Garcés Díaz Daniel,576,Bailliu Jeannine,1
664,Garcés Díaz Daniel,717,Kruger Mark,1
664,Garcés Díaz Daniel,757,Messmacher Linartas Miguel,1
729,Irving Llamosas-Rosas,658,Felipe J. Fonseca,3
729,Irving Llamosas-Rosas,856,Sandoval Bustos Maritza,1
729,Irving Llamosas-Rosas,1227,Rita Karolina Cantú Zendejas,1
729,Irving Llamosas-Rosas,1231,Sara Hutchinson Tovar,1
729,Irving Llamosas-Rosas,1252,Marco A. Esteban Aguirre,1
836,Roldán-Peña Jessica,779,Olivella Virginia,1
836,Roldán-Peña Jessica,552,Aguilar-Argaez Ana María,2
836,Roldán-Peña Jessica,609,Julio A. Carrillo,2
836,Roldán-Peña Jessica,756,Mendoza Enrique G.,1
836,Roldán-Peña Jessica,776,Nuguer Victoria,1
836,Roldán-Peña Jessica,763,Morais Bernardo,1
836,Roldán-Peña Jessica,801,Peydró José-Luis,1
836,Roldán-Peña Jessica,842,Ruiz Claudia,1
836,Roldán-Peña Jessica,890,Torres-Ferro Mauricio,1
836,Roldán-Peña Jessica,833,Rodríguez-Pérez Cid Alonso,1
836,Roldán-Peña Jessica,647,Diego-Fernández Forseck María,1
888,Tobal Martín,917,Yslas Renato,2
888,Tobal Martín,614,Cebreros Alfonso,1
888,Tobal Martín,828,Roa Mónica,1
690,Guerrero-Escobar Santiago,749,Martínez-Ovando Juan Carlos,2
690,Guerrero-Escobar Santiago,696,Hernández-del-Valle Gerardo,3
690,Guerrero-Escobar Santiago,715,Kochen Federico,1
690,Guerrero-Escobar Santiago,808,Puigvert Jonathan,1
690,Guerrero-Escobar Santiago,960,De-la-Mora Paula,1
557,Carlo Alcaraz,668,García Verdú Rodrigo,1
557,Carlo Alcaraz,780,María José Orraca,1
557,Carlo Alcaraz,910,Villalvazo Martin Sergio,1
557,Carlo Alcaraz,552,Aguilar-Argaez Ana María,1
557,Carlo Alcaraz,812,Ramírez Claudia,1
557,Carlo Alcaraz,833,Rodríguez-Pérez Cid Alonso,1
557,Carlo Alcaraz,562,Nicolás Amoroso,1
557,Carlo Alcaraz,784,Rodolfo Oviedo,1
557,Carlo Alcaraz,860,Horacio Sapriza,1
557,Carlo Alcaraz,932,Brenda Samaniego,1
557,Carlo Alcaraz,955,Alex Rivadeneira,1
609,Julio A. Carrillo,793,Peersman Gert,1
609,Julio A. Carrillo,913,Wauters Joris,1
609,Julio A. Carrillo,805,Poilly Céline,1
609,Julio A. Carrillo,756,Mendoza Enrique G.,1
609,Julio A. Carrillo,776,Nuguer Victoria,1
609,Julio A. Carrillo,833,Rodríguez-Pérez Cid Alonso,1
609,Julio A. Carrillo,666,García Ana Laura,1
609,Julio A. Carrillo,556,Carlos Alba,1
614,Cebreros Alfonso,828,Roa Mónica,1
614,Cebreros Alfonso,695,Heffner-Rodríguez Aldo,2
614,Cebreros Alfonso,728,Livas René,1
614,Cebreros Alfonso,807,Puggioni Daniela,2
614,Cebreros Alfonso,653,León Fernández Bujanda,1
614,Cebreros Alfonso,946,Calderón Mariana,1
614,Cebreros Alfonso,947,Inguanzo José A.,1
614,Cebreros Alfonso,948,Jaume David,1
583,Benavides Guillermo,548,Abarca Gustavo,1
583,Benavides Guillermo,818,Rangel José Gonzalo,1
751,Martínez Trigueros Lorenza,852,Sánchez García Oscar,1
751,Martínez Trigueros Lorenza,840,Romero Hidalgo Roberto,1
731,López-Martín Bernabé,881,Takayama Naoki,1
731,López-Martín Bernabé,745,Martínez André,1
731,López-Martín Bernabé,813,Ramírez de Aguilar Alberto,1
731,López-Martín Bernabé,800,Pérez-Reyna David,1
733,López Noria Gabriela,921,Zamudio Fernández Juan José,1
733,López Noria Gabriela,593,Bush Georgia,1
613,Castellanos Pascacio Sara Gabriela,599,Camero Eduardo,1
613,Castellanos Pascacio Sara Gabriela,668,García Verdú Rodrigo,1
613,Castellanos Pascacio Sara Gabriela,714,Kaplan David,1
613,Castellanos Pascacio Sara Gabriela,783,Oviedo Marco,1
613,Castellanos Pascacio Sara Gabriela,558,Alexandrova-Kabadjova Biliana,1
613,Castellanos Pascacio Sara Gabriela,665,García-Almanza Alma L.,1
613,Castellanos Pascacio Sara Gabriela,709,Jiménez Hernández Diego J,1
613,Castellanos Pascacio Sara Gabriela,867,Seira Enrique,1
633,Covarrubias Enrique,550,Accinelli Elvio,1
797,Pérez López Elguézabal Alejandro,864,Schwartz Rosenthal Moisés,1
696,Hernández-del-Valle Gerardo,786,Pacheco-González Carlos,1
696,Hernández-del-Valle Gerardo,960,De-la-Mora Paula,1
582,Bazdresch Santiago,567,Antón Sarabia Arturo,1
582,Bazdresch Santiago,724,Lelo-de-Larrea Alejandra,1
552,Aguilar-Argaez Ana María,812,Ramírez Claudia,2
552,Aguilar-Argaez Ana María,833,Rodríguez-Pérez Cid Alonso,1
552,Aguilar-Argaez Ana María,647,Diego-Fernández Forseck María,1
833,Rodríguez-Pérez Cid Alonso,812,Ramírez Claudia,1
648,Díez-Canedo Juan,560,Altimir Oscar,3
648,Díez-Canedo Juan,572,Arnaud Enrique,3
648,Díez-Canedo Juan,584,Bergsman Joel,3
648,Díez-Canedo Juan,616,Cervantes Jesús,3
648,Díez-Canedo Juan,673,Gibson William,3
648,Díez-Canedo Juan,680,Gómez Octavio,3
648,Díez-Canedo Juan,737,Lusting Nora,3
648,Díez-Canedo Juan,740,Maldonado Víctor,3
648,Díez-Canedo Juan,820,Reyes Heroles Jesús,3
648,Díez-Canedo Juan,827,Rizzo Sócrates,3
648,Díez-Canedo Juan,882,Taylor Lance,3
648,Díez-Canedo Juan,923,Zazueta César,3
927,Díaz de León Carrillo Alejandro,688,Greenham Llorente Laura Elena,1
927,Díaz de León Carrillo Alejandro,645,Del Villar Rafael,1
927,Díaz de León Carrillo Alejandro,675,Gil Hubert Johanna,1
927,Díaz de León Carrillo Alejandro,578,Baqueiro Cárdenas Armando,1
927,Díaz de León Carrillo Alejandro,611,Casanova Martha,1
619,Chávez Juan Carlos,658,Felipe J. Fonseca,2
619,Chávez Juan Carlos,734,López Ornelas Luis Fernando,1
619,Chávez Juan Carlos,934,Katia García Loredo,1
619,Chávez Juan Carlos,769,Mosqueda Chávez Marco Tulio,1
619,Chávez Juan Carlos,929,Gómez Zaldívar Manuel de Jesús,2
561,Jorge Alvarado,811,Miroslava Quiroga-Trevino,2
561,Jorge Alvarado,594,Cabral Torres René,1
561,Jorge Alvarado,684,Eva González,2
561,Jorge Alvarado,953,Casillas Ramón,1
561,Jorge Alvarado,1207,Cindy Rangel,1
745,Martínez André,772,Musacchio Aldo,2
745,Martínez André,907,Viarengo Martina,1
745,Martínez André,834,Rodríguez-Zamora Carolina,1
658,Felipe J. Fonseca,929,Gómez Zaldívar Manuel de Jesús,1
658,Felipe J. Fonseca,1227,Rita Karolina Cantú Zendejas,1
820,Reyes Heroles Jesús,560,Altimir Oscar,3
820,Reyes Heroles Jesús,572,Arnaud Enrique,3
820,Reyes Heroles Jesús,584,Bergsman Joel,3
820,Reyes Heroles Jesús,616,Cervantes Jesús,3
820,Reyes Heroles Jesús,673,Gibson William,3
820,Reyes Heroles Jesús,680,Gómez Octavio,3
820,Reyes Heroles Jesús,737,Lusting Nora,3
820,Reyes Heroles Jesús,740,Maldonado Víctor,3
820,Reyes Heroles Jesús,827,Rizzo Sócrates,3
820,Reyes Heroles Jesús,882,Taylor Lance,3
820,Reyes Heroles Jesús,923,Zazueta César,3
820,Reyes Heroles Jesús,869,Sidaoui José Julián,1
818,Rangel José Gonzalo,652,Engle Robert F.,2
818,Rangel José Gonzalo,548,Abarca Gustavo,2
818,Rangel José Gonzalo,812,Ramírez Claudia,1
812,Ramírez Claudia,548,Abarca Gustavo,1
812,Ramírez Claudia,571,Armendáriz Villarreal Thelma,1
812,Ramírez Claudia,707,Jaramillo Rodríguez Jorge,1
812,Ramírez Claudia,792,Pech Moreno Luis Alberto,1
812,Ramírez Claudia,849,Sanchez-Amador David,1
864,Schwartz Rosenthal Moisés,753,Mateos Hanel Calixto,1
864,Schwartz Rosenthal Moisés,662,Galván Sybel,1
713,Kaiser Karen,725,Lever Guzmán Carlos,1
713,Kaiser Karen,863,Schwabe Rainer,1
713,Kaiser Karen,600,Campero Alejandra,1
697,Hernández Juan R.,556,Carlos Alba,1
869,Sidaoui José Julián,870,Sines Richard H.,2
869,Sidaoui José Julián,931,Salas Martín del Campo Javier,1
872,Solís Leopoldo,827,Rizzo Sócrates,1
643,Delajara Marcelo,771,Murillo Garza José Antonio,1
949,Lenin Arango-Castillo,780,María José Orraca,3
949,Lenin Arango-Castillo,950,Molina Martínez G. Stefano,1
949,Lenin Arango-Castillo,874,Diego Solórzano,1
949,Lenin Arango-Castillo,1238,Francisco J. Martínez-Ramírez,1
949,Lenin Arango-Castillo,1283,Regina Briseño,1
624,Cóndor Richard,784,Rodolfo Oviedo,1
723,Leal Vizcaíno René,755,Mekonnen Teddy,1
723,Leal Vizcaíno René,627,Benjamín Contreras-Astiazarán,1
723,Leal Vizcaíno René,770,Mosqueda Jordán,1
723,Leal Vizcaíno René,935,Kroft Kory,2
723,Leal Vizcaíno René,936,Laliberté Jean-William,2
723,Leal Vizcaíno René,937,Notowidigdo Matthew J.,2
725,Lever Guzmán Carlos,573,Arroyo Miranda Juan,1
725,Lever Guzmán Carlos,679,Gómez Cram Roberto,1
726,Leyva Gustavo,897,Urrutia Carlos,2
726,Leyva Gustavo,764,Mora Israel,1
710,Juárez González Laura,563,Amuedo Dorantes Catalina,1
710,Juárez González Laura,803,Pfutze Tobias,1
710,Juárez González Laura,692,Gutierrez Emilio,1
710,Juárez González Laura,841,Rubli Adrian,1
710,Juárez González Laura,930,Casarín de la Cabada Daniel,1
671,Gaytán González Alejandro,753,Mateos Hanel Calixto,1
671,Gaytán González Alejandro,816,Ranciere Romain,2
671,Gaytán González Alejandro,683,González García Jesús R.,1
941,Lorenzo Aldeco Leo,942,Jurado Jose A.,1
941,Lorenzo Aldeco Leo,943,Ramírez-Álvarez Aurora A.,1
941,Lorenzo Aldeco Leo,967,Horacio Reyes Rocha,1
941,Lorenzo Aldeco Leo,1246,Agustina Colonna,1
771,Murillo Garza José Antonio,575,Backal Daniel,1
771,Murillo Garza José Antonio,645,Del Villar Rafael,1
771,Murillo Garza José Antonio,854,Sánchez-Romeu Paula,1
860,Horacio Sapriza,562,Nicolás Amoroso,1
860,Horacio Sapriza,784,Rodolfo Oviedo,1
860,Horacio Sapriza,932,Brenda Samaniego,1
860,Horacio Sapriza,955,Alex Rivadeneira,1
808,Puigvert Jonathan,715,Kochen Federico,1
808,Puigvert Jonathan,922,Zazueta Borboa Francisco,1
807,Puggioni Daniela,877,Stefanou Spiro E.,1
807,Puggioni Daniela,695,Heffner-Rodríguez Aldo,1
807,Puggioni Daniela,728,Livas René,1
807,Puggioni Daniela,653,León Fernández Bujanda,1
807,Puggioni Daniela,946,Calderón Mariana,1
807,Puggioni Daniela,947,Inguanzo José A.,1
807,Puggioni Daniela,948,Jaume David,1
827,Rizzo Sócrates,560,Altimir Oscar,3
827,Rizzo Sócrates,572,Arnaud Enrique,3
827,Rizzo Sócrates,584,Bergsman Joel,3
827,Rizzo Sócrates,616,Cervantes Jesús,3
827,Rizzo Sócrates,673,Gibson William,3
827,Rizzo Sócrates,680,Gómez Octavio,3
827,Rizzo Sócrates,737,Lusting Nora,3
827,Rizzo Sócrates,740,Maldonado Víctor,3
827,Rizzo Sócrates,882,Taylor Lance,3
827,Rizzo Sócrates,923,Zazueta César,3
867,Seira Enrique,806,Ponce Alejandro,1
867,Seira Enrique,920,Zamarripa Guillermo,1
867,Seira Enrique,678,Giri Rahul,1
867,Seira Enrique,886,Teshima Kensuke,1
867,Seira Enrique,650,Elizondo Alan,1
867,Seira Enrique,709,Jiménez Hernández Diego J,1
579,Bátiz-Zuk Enrique,720,Lara Sánchez José Luis,2
579,Bátiz-Zuk Enrique,760,Mohamed Abdulkadir,1
579,Bátiz-Zuk Enrique,851,Sánchez-Cajal Fátima,1
579,Bátiz-Zuk Enrique,956,González-Holden Alexa,1
874,Diego Solórzano,649,Dixon Huw,1
780,María José Orraca,950,Molina Martínez G. Stefano,1
780,María José Orraca,1238,Francisco J. Martínez-Ramírez,1
780,María José Orraca,1283,Regina Briseño,1
776,Nuguer Victoria,719,Lambertini Luisa,1
776,Nuguer Victoria,898,Uysal Pinar,1
776,Nuguer Victoria,756,Mendoza Enrique G.,1
558,Alexandrova-Kabadjova Biliana,665,García-Almanza Alma L.,1
558,Alexandrova-Kabadjova Biliana,591,Bravo-Benítez Bernardo,1
558,Alexandrova-Kabadjova Biliana,747,Martínez-Jaramillo Serafín,1
558,Alexandrova-Kabadjova Biliana,875,Solórzano-Margain Juan Pablo,1
558,Alexandrova-Kabadjova Biliana,873,Solís-Robleda Francisco,2
593,Bush Georgia,602,Cañón Salazar Carlos Iván,1
593,Bush Georgia,687,Gray Daniel,1
847,Salgado Banda Héctor,592,Breccia Adriana,1
847,Salgado Banda Héctor,585,Bernal Verdugo Lorenzo E.,2
847,Salgado Banda Héctor,822,Reyna Cerecero Mario,1
847,Salgado Banda Héctor,844,Salazar Cavazos Diana,1
749,Martínez-Ovando Juan Carlos,911,Walker Stephen G.,1
749,Martínez-Ovando Juan Carlos,777,Olivares-Guzmán Sergio I.,1
749,Martínez-Ovando Juan Carlos,837,Roldán-Rodríguez Adriana,1
899,Vargas Aguayo Alberto,608,Carriles Rubio Jorge,1
899,Vargas Aguayo Alberto,821,Reyes R. Francisco,1
846,Salgado Alfredo,957,Trujillo Alejandro,1
673,Gibson William,560,Altimir Oscar,3
673,Gibson William,572,Arnaud Enrique,3
673,Gibson William,584,Bergsman Joel,3
673,Gibson William,616,Cervantes Jesús,3
673,Gibson William,680,Gómez Octavio,3
673,Gibson William,737,Lusting Nora,3
673,Gibson William,740,Maldonado Víctor,3
673,Gibson William,882,Taylor Lance,3
673,Gibson William,923,Zazueta César,3
852,Sánchez García Oscar,865,Seade Durán Juan Jesús,1
834,Rodríguez-Zamora Carolina,727,Lim Jean,1
834,Rodríguez-Zamora Carolina,765,Morales Ramírez Alejandro,1
829,Rodríguez Arnulfo,832,Rodríguez Pedro N.,2
829,Rodríguez Arnulfo,682,González Fidel,1
829,Rodríguez Arnulfo,683,González García Jesús R.,1
829,Rodríguez Arnulfo,926,Zúñiga Gerardo,1
668,García Verdú Rodrigo,714,Kaplan David,1
680,Gómez Octavio,560,Altimir Oscar,3
680,Gómez Octavio,572,Arnaud Enrique,3
680,Gómez Octavio,584,Bergsman Joel,3
680,Gómez Octavio,616,Cervantes Jesús,3
680,Gómez Octavio,737,Lusting Nora,3
680,Gómez Octavio,740,Maldonado Víctor,3
680,Gómez Octavio,882,Taylor Lance,3
680,Gómez Octavio,923,Zazueta César,3
667,Garcia-Medina Cecilia,708,Jean-Francois Wen,1
667,Garcia-Medina Cecilia,620,Chen Liang,1
667,Garcia-Medina Cecilia,912,Wan Rui,1
683,González García Jesús R.,682,González Fidel,1
863,Schwabe Rainer,588,Bobonis Gustavo J.,1
863,Schwabe Rainer,598,Cámara Fuertes Luis R.,1
863,Schwabe Rainer,743,Marín Ana Georgina,1
684,Eva González,617,Chapa Cantú Joana C.,1
684,Eva González,953,Casillas Ramón,1
684,Eva González,1207,Cindy Rangel,1
811,Miroslava Quiroga-Trevino,1269,Christoph Thoenissen,1
811,Miroslava Quiroga-Trevino,1270,Alberto Montagnoli,1
923,Zazueta César,560,Altimir Oscar,3
923,Zazueta César,572,Arnaud Enrique,3
923,Zazueta César,584,Bergsman Joel,3
923,Zazueta César,616,Cervantes Jesús,3
923,Zazueta César,737,Lusting Nora,3
923,Zazueta César,740,Maldonado Víctor,3
923,Zazueta César,882,Taylor Lance,3
737,Lusting Nora,560,Altimir Oscar,3
737,Lusting Nora,572,Arnaud Enrique,3
737,Lusting Nora,584,Bergsman Joel,3
737,Lusting Nora,616,Cervantes Jesús,3
737,Lusting Nora,740,Maldonado Víctor,3
737,Lusting Nora,882,Taylor Lance,3
796,Pérez-Cervantes Fernando,857,Sandoval Hernández Aldo,1
784,Rodolfo Oviedo,562,Nicolás Amoroso,1
784,Rodolfo Oviedo,932,Brenda Samaniego,1
784,Rodolfo Oviedo,955,Alex Rivadeneira,1
774,Negrin José Luis,705,Jallath Coria Eduardo,1
774,Negrin José Luis,641,De la Cerda Clara,1
882,Taylor Lance,560,Altimir Oscar,3
882,Taylor Lance,572,Arnaud Enrique,3
882,Taylor Lance,584,Bergsman Joel,3
882,Taylor Lance,616,Cervantes Jesús,3
882,Taylor Lance,740,Maldonado Víctor,3
887,Timmermann Allan,555,Aiolfi Marco,1
757,Messmacher Linartas Miguel,636,Cuevas Alfredo,1
757,Messmacher Linartas Miguel,576,Bailliu Jeannine,1
757,Messmacher Linartas Miguel,717,Kruger Mark,1
740,Maldonado Víctor,560,Altimir Oscar,3
740,Maldonado Víctor,572,Arnaud Enrique,3
740,Maldonado Víctor,584,Bergsman Joel,3
740,Maldonado Víctor,616,Cervantes Jesús,3
738,Mac Donald Diana E.,586,Bishop Kelly C.,1
738,Mac Donald Diana E.,963,Altinok Ahmet,1
922,Zazueta Borboa Francisco,954,Arellano Gonzalez Jesus,2
567,Antón Sarabia Arturo,724,Lelo-de-Larrea Alejandra,1
646,de Melo Gioia,739,Machado Alina,1
646,de Melo Gioia,759,Miranda Alfonso,1
646,de Melo Gioia,804,Piaggio Matías,1
572,Arnaud Enrique,560,Altimir Oscar,3
572,Arnaud Enrique,584,Bergsman Joel,3
572,Arnaud Enrique,616,Cervantes Jesús,3
610,Carstens Carstens Agustín,674,Gil Díaz Francisco,1
610,Carstens Carstens Agustín,823,Reynoso del Valle Alejandro,1
560,Altimir Oscar,584,Bergsman Joel,3
560,Altimir Oscar,616,Cervantes Jesús,3
612,José L. Casco,653,León Fernández Bujanda,1
612,José L. Casco,1158,Laura Kurczyn,1
616,Cervantes Jesús,584,Bergsman Joel,3
562,Nicolás Amoroso,810,Quella Núria,1
562,Nicolás Amoroso,932,Brenda Samaniego,1
562,Nicolás Amoroso,955,Alex Rivadeneira,1
568,Aportela Rodríguez Fernando,569,Ardavín Ituarte José Antonio,1
568,Aportela Rodríguez Fernando,634,Cruz Aguayo Yyannú,1
1172,Héctor M. Núñez,1150,Adán L. Martínez-Cruz,1
1172,Héctor M. Núñez,1151,Jaime Sainz-Santamaría,1
1172,Héctor M. Núñez,1256,Anna D. Mata,1
955,Alex Rivadeneira,932,Brenda Samaniego,1
564,André Marine Charlotte,638,Dai Meixing,1
564,André Marine Charlotte,892,Traficante Guido,1
564,André Marine Charlotte,952,Medina Espidio Sebastián,1
602,Cañón Salazar Carlos Iván,661,Gallón Santiago,1
602,Cañón Salazar Carlos Iván,778,Olivar Santiago,1
602,Cañón Salazar Carlos Iván,687,Gray Daniel,1
645,Del Villar Rafael,575,Backal Daniel,2
645,Del Villar Rafael,893,Treviño Juan Pedro,1
645,Del Villar Rafael,675,Gil Hubert Johanna,1
653,León Fernández Bujanda,932,Brenda Samaniego,1
653,León Fernández Bujanda,946,Calderón Mariana,1
653,León Fernández Bujanda,947,Inguanzo José A.,1
653,León Fernández Bujanda,948,Jaume David,1
653,León Fernández Bujanda,1158,Laura Kurczyn,1
772,Musacchio Aldo,907,Viarengo Martina,1
769,Mosqueda Chávez Marco Tulio,929,Gómez Zaldívar Manuel de Jesús,1
769,Mosqueda Chávez Marco Tulio,617,Chapa Cantú Joana C.,1
1176,Jesús Arellano-González,627,Benjamín Contreras-Astiazarán,1
594,Cabral Torres René,762,Mollick André V.,1
594,Cabral Torres René,861,Saucedo Eduardo,1
788,Padilla Pablo,587,Bladt Mogens,1
597,Calderón Gabriela,637,Cunha Jesse M.,1
597,Calderón Gabriela,640,De Giorgi Giacomo,1
608,Carriles Rubio Jorge,821,Reyes R. Francisco,1
1217,Ángelo Gutiérrez-Daza,1154,Jose Apesteguia,1
1217,Ángelo Gutiérrez-Daza,1155,Miguel A. Ballester,1
575,Backal Daniel,893,Treviño Juan Pedro,1
744,Márquez Diez-Canedo Javier,730,López Castañón Calixto,1
601,Campos-Ortiz Francisco,554,Ahn T. K.,1
601,Campos-Ortiz Francisco,577,Balafoutas Loukas,1
601,Campos-Ortiz Francisco,580,Batsaikhan Mongoljin,1
601,Campos-Ortiz Francisco,809,Putterman Louis,1
601,Campos-Ortiz Francisco,879,Sutter Matthias,1
601,Campos-Ortiz Francisco,785,Oviedo-Pacheco Mariana,1
627,Benjamín Contreras-Astiazarán,770,Mosqueda Jordán,1
936,Laliberté Jean-William,935,Kroft Kory,2
936,Laliberté Jean-William,937,Notowidigdo Matthew J.,2
832,Rodríguez Pedro N.,926,Zúñiga Gerardo,1
628,Contreras Juan,791,Patel Elena,1
628,Contreras Juan,894,Tristao Ignez,1
628,Contreras Juan,581,Battelle Holly,1
946,Calderón Mariana,947,Inguanzo José A.,1
946,Calderón Mariana,948,Jaume David,1
935,Kroft Kory,937,Notowidigdo Matthew J.,2
830,Rodriguez Maria Jose,632,Costa Daniela,1
828,Roa Mónica,761,Molina Danielken,1
666,García Ana Laura,944,González Juan Pedro,1
666,García Ana Laura,945,Velázquez Jhasua,1
695,Heffner-Rodríguez Aldo,728,Livas René,1
854,Sánchez-Romeu Paula,819,Rattia-Lima Ernesto,1
698,Hernández Manuel A.,895,Trupkin Danilo R.,1
849,Sanchez-Amador David,707,Jaramillo Rodríguez Jorge,1
849,Sanchez-Amador David,792,Pech Moreno Luis Alberto,1
1248,Gustavo A. García,1247,David Bernal,1
1270,Alberto Montagnoli,1269,Christoph Thoenissen,1
875,Solórzano-Margain Juan Pablo,591,Bravo-Benítez Bernardo,1
875,Solórzano-Margain Juan Pablo,747,Martínez-Jaramillo Serafín,1
879,Sutter Matthias,554,Ahn T. K.,1
879,Sutter Matthias,577,Balafoutas Loukas,1
879,Sutter Matthias,580,Batsaikhan Mongoljin,1
879,Sutter Matthias,809,Putterman Louis,1
880,Swenson Jennifer,736,Loucks Colby J.,1
880,Swenson Jennifer,790,Panlasigui Stephanie,1
880,Swenson Jennifer,802,Pfaff Alexander,1
880,Swenson Jennifer,826,Rico Jimena,1
876,Soria Luis M.,904,Velázquez Ramón,1
1245,Constantino Carreto,1242,Simon Freyaldenhoven,1
1245,Constantino Carreto,1243,Christian B. Hansen,1
1245,Constantino Carreto,1244,Jesse M. Shapiro,1
1244,Jesse M. Shapiro,1242,Simon Freyaldenhoven,1
1244,Jesse M. Shapiro,1243,Christian B. Hansen,1
1243,Christian B. Hansen,1242,Simon Freyaldenhoven,1
858,Sannabe Atsushi,642,De la Garza Adrián,1
858,Sannabe Atsushi,752,Mastrobuoni Giovanni,1
858,Sannabe Atsushi,915,Yamada Katsunori,1
859,San Vicente Portes Luis,574,Atal Vidya,1
851,Sánchez-Cajal Fátima,760,Mohamed Abdulkadir,1
1241,Armando R. Colina,1239,Bulat Gafarov,1
1241,Armando R. Colina,1240,Jens Hilscher,1
1240,Jens Hilscher,1239,Bulat Gafarov,1
861,Saucedo Eduardo,762,Mollick André V.,1
862,Schoellman Todd,885,Tertilt Michèle,1
868,Shapiro Jesse M.,660,Freyaldenhoven Simon,1
868,Shapiro Jesse M.,694,Hansen Christian,1
1162,Karla Neri Hernández,1161,Diego Mayorga,1
912,Wan Rui,620,Chen Liang,1
913,Wauters Joris,793,Peersman Gert,1
915,Yamada Katsunori,642,De la Garza Adrián,1
915,Yamada Katsunori,752,Mastrobuoni Giovanni,1
919,Zabludowsky Jaime,815,Ramos Tercero Raúl,1
920,Zamarripa Guillermo,806,Ponce Alejandro,1
948,Jaume David,947,Inguanzo José A.,1
945,Velázquez Jhasua,944,González Juan Pedro,1
943,Ramírez-Álvarez Aurora A.,942,Jurado Jose A.,1
938,Nuño Ledesma José G.,939,Wu Steven Y.,1
938,Nuño Ledesma José G.,940,Balagtas Joseph V.,1
939,Wu Steven Y.,940,Balagtas Joseph V.,1
909,Villalpando Luis H.,754,Maydón Garza Marín,1
886,Teshima Kensuke,678,Giri Rahul,1
1155,Miguel A. Ballester,1154,Jose Apesteguia,1
1153,Andrés Gallegos-Vargas,1152,Darwin Cortés,1
894,Tristao Ignez,791,Patel Elena,1
1151,Jaime Sainz-Santamaría,1150,Adán L. Martínez-Cruz,1
898,Uysal Pinar,719,Lambertini Luisa,1
901,Vedenov Dmitry,825,Richardson James W.,1
902,Vela Dib Abraham,838,Román Aguilar Fernando,1
962,Zárate Román D.,961,Vial Lecaros Felipe,1
844,Salazar Cavazos Diana,822,Reyna Cerecero Mario,1
842,Ruiz Claudia,763,Morais Bernardo,1
842,Ruiz Claudia,801,Peydró José-Luis,1
642,De la Garza Adrián,752,Mastrobuoni Giovanni,1
640,De Giorgi Giacomo,637,Cunha Jesse M.,1
656,Flores Lagunes Alfonso,615,Cecchetti Stephen,1
656,Flores Lagunes Alfonso,716,Krause Stefan,1
634,Cruz Aguayo Yyannú,569,Ardavín Ituarte José Antonio,1
629,Contreras Oscar F.,676,Giorgio Zanarone,1
622,Chortareas Georgios E.,670,Garza-Garcia Jesus Gustavo,1
622,Chortareas Georgios E.,677,Girardone Claudia,1
655,Fernández Raúl,789,Palma Brenda,1
655,Fernández Raúl,824,Rho Caterina,1
841,Rubli Adrian,692,Gutierrez Emilio,1
677,Girardone Claudia,670,Garza-Garcia Jesus Gustavo,1
679,Gómez Cram Roberto,573,Arroyo Miranda Juan,1
660,Freyaldenhoven Simon,694,Hansen Christian,1
661,Gallón Santiago,778,Olivar Santiago,1
615,Cecchetti Stephen,716,Krause Stefan,1
576,Bailliu Jeannine,717,Kruger Mark,1
607,Carmona Sánchez Juan F.,596,Calderón-Colín Roberto,1
554,Ahn T. K.,577,Balafoutas Loukas,1
554,Ahn T. K.,580,Batsaikhan Mongoljin,1
554,Ahn T. K.,809,Putterman Louis,1
553,Aguirre Castro Armando,606,Cardozo-Medeiros Diego,1
551,Aguayo Téllez Ernesto,748,Martínez José N,1
549,Abudu Bolanle,750,Martínez Serafín,1
549,Abudu Bolanle,795,Peña Tonatiuh,1
577,Balafoutas Loukas,580,Batsaikhan Mongoljin,1
577,Balafoutas Loukas,809,Putterman Louis,1
580,Batsaikhan Mongoljin,809,Putterman Louis,1
605,Cárdenas Javier,595,Calderón Angel,1
604,Carabarín Aguirre Mauricio,794,Peláez Gómez Carlos D.,1
598,Cámara Fuertes Luis R.,588,Bobonis Gustavo J.,1
591,Bravo-Benítez Bernardo,747,Martínez-Jaramillo Serafín,1
590,Boonman Tjeerd,706,Jan P.A.M. Jacobs,1
590,Boonman Tjeerd,718,Kuper Gerard H.,1
590,Boonman Tjeerd,839,Romero Alberto,1
802,Pfaff Alexander,736,Loucks Colby J.,1
802,Pfaff Alexander,790,Panlasigui Stephanie,1
802,Pfaff Alexander,826,Rico Jimena,1
801,Peydró José-Luis,763,Morais Bernardo,1
795,Peña Tonatiuh,750,Martínez Serafín,1
792,Pech Moreno Luis Alberto,707,Jaramillo Rodríguez Jorge,1
777,Olivares-Guzmán Sergio I.,837,Roldán-Rodríguez Adriana,1
790,Panlasigui Stephanie,736,Loucks Colby J.,1
790,Panlasigui Stephanie,826,Rico Jimena,1
789,Palma Brenda,824,Rho Caterina,1
839,Romero Alberto,706,Jan P.A.M. Jacobs,1
839,Romero Alberto,718,Kuper Gerard H.,1
831,Rodríguez-Oreggia Eduardo,735,López Videla Bruno,1
826,Rico Jimena,736,Loucks Colby J.,1
706,Jan P.A.M. Jacobs,718,Kuper Gerard H.,1
739,Machado Alina,759,Miranda Alfonso,1
